{"Homes0344":{"1":[-738.86,793.53,213.9,347.58],"z":213.9,"y":793.53,"x":-738.86},"Homes0068":{"1":[1367.15,-600.84,74.35,347.09],"z":74.55,"y":-605.95,"x":1368.57},"Propertys0068":{"1":[1367.89,-599.43,74.39,354.44],"z":74.3,"y":-602.81,"x":1367.6},"Homes1169":{"y":209.62,"z":67.47,"1":[-928.31,212.28,67.47,99.64],"x":-923.57},"Propertys0065":{"y":-557.52,"z":74.44,"1":[1372.87,-557.56,74.49,234.97],"x":1372.82},"Propertys0063":{"y":-547.2075805664063,"z":72.48094177246094,"1":[1329.4056396484376,-550.035888671875,72.80207824707031,163.38],"x":1325.4000244140626},"Propertys1120":{"1":[-201.29672241210936,411.5180358886719,110.2673568725586,17.6],"z":111.1201400756836,"y":407.88079833984377,"x":-197.18206787109376},"Propertys0221":{"1":[260.70166015625,-2024.0142822265626,18.79425239562988,239.59],"z":18.89949417114257,"y":-2022.0845947265626,"x":258.0841064453125},"Propertys0069":{"y":-594.95,"z":74.35,"1":[1345.97,-592.18,74.5,317.44],"x":1343.52},"Propertys0066":{"y":-571.28,"z":74.34,"1":[1382.27,-572.68,74.34,356.37],"x":1385.91},"Propertys0030":{"y":-511.28,"z":60.23,"1":[947.6,-510.5,60.22,333.21],"x":947.2},"Propertys0037":{"y":-529.28,"z":60.12,"1":[992.85,-529.5,60.14,192.15],"x":992.09},"Homes0162":{"1":[-1863.71,-587.64,11.59,315.13],"z":11.73,"y":-591.77,"x":-1862.27},"Propertys0064":{"y":-548.8971557617188,"z":73.90988159179688,"1":[1353.087158203125,-554.1376953125,74.10550689697266,160.3],"x":1349.826171875},"Homes0381":{"1":[-1270.71,512.08,97.49,124.29],"z":97.5,"y":511.95,"x":-1270.68},"Homes0408":{"1":[-670.09,906.73,230.34,319.05],"z":230.33,"y":906.78,"x":-670.07},"Propertys0062":{"y":-530.255615234375,"z":71.4091567993164,"1":[1308.239013671875,-535.1674194335938,71.30635833740235,162.41],"x":1306.8658447265626},"Homes0062":{"1":[1311.23,-525.83,71.32,157.48],"z":71.36,"y":-517.61,"x":1314.32},"Propertys0070":{"1":[1328.55,-578.01,73.51,316.77],"z":73.22,"y":-581.37,"x":1325.72},"Homes0067":{"y":-592.65,"z":74.49,"1":[1383.92,-592.28,74.46,79.16],"x":1385.12},"Homes1228":{"y":891.44,"z":181.91,"1":[-1531.2,890.17,181.89,195.68],"x":-1528.04},"Propertys0046":{"y":-668.93,"z":63.07,"1":[1216.14,-666.17,62.8,107.59],"x":1219.39},"Propertys0309":{"1":[-1869.53,327.0,88.65,13.35],"z":88.85,"y":320.25,"x":-1872.08},"Homes1138":{"1":[-127.35,997.24,235.75,196.63],"z":235.74,"y":1007.71,"x":-131.47},"Homes1227":{"1":[-1591.08,-59.21,55.81,270.17],"z":56.49,"y":-56.26,"x":-1585.54}}